,Empresa,Estado,"¿Autorizan que los contactemos vía Whatsapp?, esto nos ayudará a mejorar la comunicación con ustedes para entregar resultados.",Municipio,Parque o zona industrial donde están ubicados,También puedes consultarlo en línea https://www.catchconsulting.com.mx/#/aviso-privacidad,¿Qué información desean contestar?,"Por favor, seleccione el municipio donde se encuentran ubicados","Por favor, seleccione el municipio donde se encuentran ubicados.1",¿Dentro de que parque o zona industrial están ubicados?.1,"Por favor, seleccione su principal industria o sector comercial.En caso de que el modelo no se ajuste a su compañía, favor de seleccionar la casilla más cercana.","Por favor, especifique el producto final o servicios que su compañía fabrica o comercializa.","Avance 10% - Por favor, seleccione el principal origen de capital de su compañía:","Por favor, seleccione el tiempo que ha estado operando su compañía:",¿Su compañía cuenta con alguna Confederación Sindical (Sindicato)?,"Por favor, especifique su Número de Empleados Actual de Personal Operativo (empleados también clasificados como ""Sindicalizados"").En caso de no contar con este tipo de personal capturar 0. Este campo solo admite números enteros. Omitir símbolos de moneda y/o comas.","Por favor, especifique su Número de Empleados Actual de Personal Administrativo (empleados también clasificados como ""Staff"").En caso de no contar con este tipo de personal capturar 0. Este campo solo admite números enteros. Omitir símbolos de moneda y/o comas.","¿Qué proporción hay de mujeres y hombres?Tomando el 100% de su headcount actual, ¿Qué porcentaje de su población son Mujeres y qué porcentaje Hombres?Considere que ambas cantidades deben sumar 100Este campo solo admite números enteros. Omitir símbolos de moneda y/o comas.Por ejemplo:



Porcentaje Mujeres
35


Porcentaje Hombres
75


TOTAL
100","Avance - 30% Por favor, capture el Salario Diario Inicial ofrecido a su personal operativo. El salario inicial corresponde al salario ofrecido durante el periodo de entrenamiento.Este campo solo admite números decimales. Omitir signos de moneda y/o comas.Rango 102.68  - 900.00","Por favor, capture el Salario Diario Intermedio - Bajo ofrecido a su personal operativo. El Salario Intermedio - Bajo corresponde al salario ofrecido a personal que requiere trabajar bajo supervisión.Este campo solo admite números decimales. Omitir signos de moneda y/o comas.Rango 102.68  - 900.00","Por favor, capture el Salario Diario Intermedio - Alto ofrecido a su personal operativo. El salario intermedio - alto, corresponde al salario ofrecido a personal que puede trabajar sin necesidad de supervisión.Este campo solo admite números decimales. Omitir signos de moneda y/o comas.Rango 102.68 - 900.00","Por favor, capture el Salario Diario Máximo ofrecido a su personal operativo. El salario Máximo, se le otorga al personal que puede entrenar a otros o que cuenta con multihabilidad para realizar varias actividades.Este campo solo admite números decimales. Omitir signos de moneda y/o comas.Rango 102.68 - 900.00","El personal que ocupa esta última categoría, ¿Tiene personal a su cargo?En caso de que el modelo no se ajuste a su compañía, favor de seleccionar la casilla más cercana.","Entendiendo que este modelo salarial de 4 categorías para su personal operativo no es general para todos los casos, por favor indíquenos si cuenta con otro esquema para sus posiciones operativas.",¿Deseas continuar ahora  con el resto de la encuesta para actualizar toda su información o requieres tomar un break?,Seleccione el BIMESTRE a reportar:,"Por favor, capture el TOTAL DE CONTRATACIONES que realizó durante el último bimestre.Este campo solo admite números enteros. Omitir símbolos de moneda y/o comas.Si no tuvo contrataciones, capturar 0 (Cero).","De acuerdo a su criterio, de cada 10 candidatos entrevistados para ocupar un puesto operativo, ¿cuántos acreditan los requisitos para laborar en su compañía?.En caso de que el modelo no se ajuste a su compañía, favor de seleccionar la casilla más cercana.","Por favor, capture el NÚMERO DE BAJAS que tuvo durante el BIMESTRE.Este campo solo admite números enteros. Omitir símbolos de moneda y/o comas.Si no tuvo bajas, capturar 0 (Cero).","Por favor, DESGLOSE LAS BAJAS DEL BIMESTRE de acuerdo a cómo se presentaron durante el periodo.Este campo solo admite números enteros. Omitir símbolos de moneda y/o comas.Si no tuvo bajas, capturar 0 (Cero).","Por favor, capture el TOTAL de FALTAS que tuvo durante el bimestre.Este campo solo admite números enteros. Omitir símbolos de moneda y/o comas.","Por favor, DESGLOSE LAS FALTAS DE PERSONAL ADMINISTRATIVO de acuerdo a cómo se presentaron durante el Bimestre.Procure que la suma de las cantidades corresponda al total de faltas reportadas.Este campo solo admite números enteros. Omitir símbolos de moneda y/o comas.Si no tuvo faltas, capturar 0 (Cero).",¿Registraron algún tipo incapacidad durante el bimestre?Tome en cuenta aquellas que que fueron por Riesgo de Trabajo - Enfermedad General y/o Maternidad.,"De acuerdo al siguiente listado, actualmente, ¿Qué perfiles se encuentra desarrollando en su compañía?Considere si se encuentra desarrollándolos internamente o por medio de alguna institución externa.Si el modelo no se ajusta a su compañía, por favor seleccionar la opción más cercana.En caso de que no se encuentre desarrollando algún perfil, seleccionar ""No Aplica"".",¿Cuál es Estatus Actual de su Negociación de Contrato Colectivo - Revisión de Incrementos de Salarios y Beneficios de este año?,"Considerando el mes en curso y el siguiente mes, ¿Tendrá contrataciones para niveles operativos y/o administrativos?",¿Deseas continuar ahora con el resto de la encuesta para actualizar toda su información o requieres tomar un break?
0,Open-Ended Response,Response,Response,Open-Ended Response,Open-Ended Response,Response,Response,Response,Response,Response,Response,Open-Ended Response,Response,Response,Response,Open-Ended Response,Open-Ended Response,Mujeres,Open-Ended Response,Open-Ended Response,Open-Ended Response,Open-Ended Response,Personal en categoría Máxima - Multihabilidad - Equipo de tiene a cargo,Response,Response,Response,Open-Ended Response,Candidatos Aceptados - Candidatos,Open-Ended Response,Mes 1,Open-Ended Response,Ausentismo Justificado - Personal Administrativo,Response,Personal operativo en general,Response,Response,Response
1,COMP001,Guanajuato,"Sí,acepto",Romita,Romita,He Leído y estoy de acuerdo en compartir mi información de acuerdo la lo establecido en el Aviso de Privacidad.,ACTUALIZAR ENCUESTA.,Romita,Romita,NO ESTAMOS DENTRO DE UN PARQUE INDUSTRIAL,"Industrial en general(Industria Aeroespacial, automotriz, metalúrgica, petroquímica, agroindustria, textil, etc.)",Partes acústicas,Estados Unidos de América,4 - 6 años,Sí,145,20,20,207.4,251.7,293,468,10,Tenemos más categorías y rangos. Por favor especifique:,"Nada me detiene, mi perseverancia es la clave de mi éxito",Noviembre - Diciembre 2022,20,4,12,6,125,30,Sí,Actualmente en desarrollo con un plan interno,"Pendiente de realizarlo, aun no llega la fecha","Sí, tengo vacantes próximas a cubrir en este bimestre",Deseo continuar con el resto de la encuesta.
2,COMP002,Guanajuato,"Sí,acepto",León,León,He Leído y estoy de acuerdo en compartir mi información de acuerdo la lo establecido en el Aviso de Privacidad.,ACTUALIZAR ENCUESTA.,León,León,LAS COLINAS DE LEÓN INDUSTRIAL PARK - LEÓN,"Industrial en general(Industria Aeroespacial, automotriz, metalúrgica, petroquímica, agroindustria, textil, etc.)",Manijas para automovil,Estados Unidos de América,7 - 10 años,Sí,111,161,59,202.92,220.56,256.93,289.54,"0, no tiene equipo a cargo",Tenemos más categorías y rangos. Por favor especifique:,"Nada me detiene, mi perseverancia es la clave de mi éxito",Noviembre - Diciembre 2022,5,7,2,2,366,16,Sí,Actualmente en desarrollo con un plan interno,"Pendiente de realizarlo, aun no llega la fecha","Sí, tengo vacantes próximas a cubrir en este bimestre","Sí, Deseo continuar con el resto de la encuesta pero necesito un descanso de 5 minutos."
3,COMP003,Guanajuato,"Sí,acepto",Irapuato,Irapuato,He Leído y estoy de acuerdo en compartir mi información de acuerdo la lo establecido en el Aviso de Privacidad.,ACTUALIZAR ENCUESTA.,Irapuato,Irapuato,PARQUE TECNO INDUSTRIAL CASTRO DEL RÍO - IRAPUATO,"Industrial en general(Industria Aeroespacial, automotriz, metalúrgica, petroquímica, agroindustria, textil, etc.)",Autopartes para sistema de frenado,Japón,4 - 6 años,Sí,190,40,20,210,241.86,259.58,263.07,"0, no tiene equipo a cargo",Tenemos más categorías y rangos. Por favor especifique:,"Nada me detiene, mi perseverancia es la clave de mi éxito",Noviembre - Diciembre 2022,10,4,6,4,635,0,Sí,Actualmente en desarrollo con un plan externo,"Pendiente de realizarlo, aun no llega la fecha","Sí, tengo vacantes próximas a cubrir en este bimestre",Deseo continuar con el resto de la encuesta.
4,COMP004,Guanajuato,"No, no acepto por el momento",Irapuato,Irapuato,He Leído y estoy de acuerdo en compartir mi información de acuerdo la lo establecido en el Aviso de Privacidad.,ACTUALIZAR ENCUESTA.,Irapuato,Irapuato,PARQUE TECNO INDUSTRIAL CASTRO DEL RÍO - IRAPUATO,"Industrial en general(Industria Aeroespacial, automotriz, metalúrgica, petroquímica, agroindustria, textil, etc.)",Partes plasticas y Metálicas para componentes Automotrices,Estados Unidos de América,1 - 3 años,Sí,7,9,25,208,208,210,220,5,Este modelo de 4 categorías se ajusta al esquema de mi compañía,"Nada me detiene, mi perseverancia es la clave de mi éxito",Noviembre - Diciembre 2022,0,3,1,0,18,7,Sí,Actualmente en desarrollo con un plan interno,No Aplica (Especifique),"Sí, tengo vacantes próximas a cubrir en este bimestre",Deseo continuar con el resto de la encuesta.
5,COMP005,Guanajuato,"Sí,acepto",Silao,Silao,He Leído y estoy de acuerdo en compartir mi información de acuerdo la lo establecido en el Aviso de Privacidad.,ACTUALIZAR ENCUESTA.,Silao,Silao,NO ESTAMOS DENTRO DE UN PARQUE INDUSTRIAL,"Industrial en general(Industria Aeroespacial, automotriz, metalúrgica, petroquímica, agroindustria, textil, etc.)",Arneses eléctricos Automotrices,México,20 - 30 años,Sí,1350,417,60,172.87,180,180,220.1,4,Este modelo de 4 categorías se ajusta al esquema de mi compañía,"Nada me detiene, mi perseverancia es la clave de mi éxito",Noviembre - Diciembre 2022,325,8,225,180,2600,0,No,Actualmente en desarrollo con un plan interno,No Aplica (Especifique),"Sí, tengo vacantes próximas a cubrir en este bimestre","Sí, Deseo continuar con el resto de la encuesta pero necesito un descanso de 5 minutos."
6,COMP006,Guanajuato,"No, no acepto por el momento",Irapuato,Irapuato,He Leído y estoy de acuerdo en compartir mi información de acuerdo la lo establecido en el Aviso de Privacidad.,ACTUALIZAR ENCUESTA.,Irapuato,Irapuato,PARQUE TECNO INDUSTRIAL CASTRO DEL RÍO - IRAPUATO,"Industrial en general(Industria Aeroespacial, automotriz, metalúrgica, petroquímica, agroindustria, textil, etc.)",Ventiladores para asientos automotrices.,Japón,7 - 10 años,Sí,429,84,66,173,197.2,231.2,417.73,Más de 20 personas a su cargo,Este modelo de 4 categorías se ajusta al esquema de mi compañía,Me gustaría concluir posteriormente la encuesta,Noviembre - Diciembre 2022,47,5,45,13,3128,123,Sí,No aplica,"Pendiente de realizarlo, aun no llega la fecha","No, no tengo vacantes por cubrir",Deseo continuar con el resto de la encuesta.
7,COMP007,Guanajuato,"Sí,acepto",Celaya,Celaya,He leído y estoy de acuerdo en compartir mi información de acuerdo la lo establecido en el Aviso de Privacidad y Confidencialidad.,ACTUALIZAR ENCUESTA.,Celaya,Celaya,NO ESTAMOS DENTRO DE UN PARQUE INDUSTRIAL,"Industrial en general(Industria Aeroespacial, automotriz, metalúrgica, petroquímica, agroindustria, textil, etc.)",Piezas metálicas para autos,España,4 - 6 años,No,13,22,29,225.74,278.21,318.01,391.8,"0, no tiene equipo a cargo",Este modelo de 4 categorías se ajusta al esquema de mi compañía,Me gustaría concluir posteriormente la encuesta,Noviembre - Diciembre 2022,1,6,3,1,33,3,No,No aplica,"Pendiente de realizarlo, aun no llega la fecha","Sí, tengo vacantes próximas a cubrir en este bimestre",Deseo continuar con el resto de la encuesta.
8,COMP008,Guanajuato,"Sí,acepto",León,León,He Leído y estoy de acuerdo en compartir mi información de acuerdo la lo establecido en el Aviso de Privacidad.,ACTUALIZAR ENCUESTA.,León,León,NO ESTAMOS DENTRO DE UN PARQUE INDUSTRIAL,"Industrial en general(Industria Aeroespacial, automotriz, metalúrgica, petroquímica, agroindustria, textil, etc.)","Resortes (Compresión, extensión y torsión)  y Formas de Alambre (Brazos y aros de sujeción)",Otro (especifique),16 - 20 años,Sí,92,40,94,210,229,286,333,"0, no tiene equipo a cargo",Este modelo de 4 categorías se ajusta al esquema de mi compañía,"Nada me detiene, mi perseverancia es la clave de mi éxito",Noviembre - Diciembre 2022,24,3,18,7,299,16,Sí,No aplica,"Pendiente de realizarlo, aun no llega la fecha","Sí, tengo vacantes próximas a cubrir en este bimestre",Deseo continuar con el resto de la encuesta.
9,COMP009,Guanajuato,"Sí,acepto",Celaya,Celaya,He leído y estoy de acuerdo en compartir mi información de acuerdo la lo establecido en el Aviso de Privacidad y Confidencialidad.,ACTUALIZAR ENCUESTA.,Celaya,Celaya,NO ESTAMOS DENTRO DE UN PARQUE INDUSTRIAL,"Empresa de servicios en general(Comercios en general, salud, instituciones financieras, gasolineras, hotelería, transporte, ventas, etc.)","Fabrica y comercializa insumos agrícolas y de uso urbano. Agroquímicos, Fertilizantes, Productos para el control de plagas urbanas y agrícolas",México,30 - 40 años,No,46,31,30,175,175,258.87,292.8,5,Tenemos más categorías y rangos. Por favor especifique:,"Nada me detiene, mi perseverancia es la clave de mi éxito",Noviembre - Diciembre 2022,0,3,4,3,162,35,Sí,No aplica,No Aplica (Especifique),"Sí, tengo vacantes próximas a cubrir en este bimestre",Deseo continuar con el resto de la encuesta.
10,COMP010,Guanajuato,"Sí,acepto",Apaseo el Grande,Apaseo el Grande,He leído y estoy de acuerdo en compartir mi información de acuerdo la lo establecido en el Aviso de Privacidad y Confidencialidad.,ACTUALIZAR ENCUESTA.,Apaseo el Grande,Apaseo el Grande,"En caso de que no encontrar en la lista tu parque industrial o zona, ingresa el nombre aquí.","Industrial en general(Industria Aeroespacial, automotriz, metalúrgica, petroquímica, agroindustria, textil, etc.)","FABRICACION DE PIEZAS METALICAS CON SERVICIO DE DOBLEZ, SOLDADURA Y ACABADOS DE PINTURA ELECTROSTATICA",México,11 - 15 años,No,30,15,32,207,285,328,642,2,Este modelo de 4 categorías se ajusta al esquema de mi compañía,"Sí, necesito un descanso de 5 minutos",Noviembre - Diciembre 2022,2,4,2,0,4,0,Sí,Actualmente en desarrollo con un plan interno,"Pendiente de realizarlo, aun no llega la fecha","Sí, tengo vacantes próximas a cubrir en este bimestre","Sí, Deseo continuar con el resto de la encuesta pero necesito un descanso de 5 minutos."
11,COMP011,Guanajuato,"Sí,acepto",Irapuato,Irapuato,He Leído y estoy de acuerdo en compartir mi información de acuerdo la lo establecido en el Aviso de Privacidad.,ACTUALIZAR ENCUESTA.,Irapuato,Irapuato,PARQUE TECNO INDUSTRIAL CASTRO DEL RÍO - IRAPUATO,"Industrial en general(Industria Aeroespacial, automotriz, metalúrgica, petroquímica, agroindustria, textil, etc.)",Cajas de transferencia 4x4,Estados Unidos de América,11 - 15 años,Sí,223,114,30,227,271.6,335,815,20,Este modelo de 4 categorías se ajusta al esquema de mi compañía,"Nada me detiene, mi perseverancia es la clave de mi éxito",Noviembre - Diciembre 2022,27,4,22,12,149,0,Sí,Actualmente en desarrollo con un plan interno,"Pendiente de realizarlo, aun no llega la fecha","Sí, tengo vacantes próximas a cubrir en este bimestre",Deseo continuar con el resto de la encuesta.
12,COMP012,Guanajuato,"Sí,acepto",Irapuato,Irapuato,He Leído y estoy de acuerdo en compartir mi información de acuerdo la lo establecido en el Aviso de Privacidad.,ACTUALIZAR ENCUESTA.,Irapuato,Irapuato,PARQUE TECNO INDUSTRIAL CASTRO DEL RÍO - IRAPUATO,"Industrial en general(Industria Aeroespacial, automotriz, metalúrgica, petroquímica, agroindustria, textil, etc.)","Descansabrazos, Coderas, Cortinillas, Cubreequipajes, quemacocos, mangueras plásticas y partes de Foam.",Alemania,11 - 15 años,Sí,1260,300,53,234.6,251.7,339.6,395.3,10,Tenemos más categorías y rangos. Por favor especifique:,"Nada me detiene, mi perseverancia es la clave de mi éxito",Noviembre - Diciembre 2022,54,7,85,44,3077,0,Sí,Actualmente en desarrollo con un plan interno,Ya tuvimos la revisión de incrementos salariales del 2023,"Sí, tengo vacantes próximas a cubrir en este bimestre",Deseo continuar con el resto de la encuesta.
13,COMP013,Guanajuato,"No, no acepto por el momento",Pénjamo,Pénjamo,He leído y estoy de acuerdo en compartir mi información de acuerdo la lo establecido en el Aviso de Privacidad y Confidencialidad.,ACTUALIZAR ENCUESTA.,Pénjamo,Pénjamo,NO ESTAMOS DENTRO DE UN PARQUE INDUSTRIAL,"Industrial en general(Industria Aeroespacial, automotriz, metalúrgica, petroquímica, agroindustria, textil, etc.)",Ropa de Trabajo,Estados Unidos de América,20 - 30 años,Sí,1900,396,68,190.15,245.35,245.35,245.35,"0, no tiene equipo a cargo",Este modelo de 4 categorías se ajusta al esquema de mi compañía,"Nada me detiene, mi perseverancia es la clave de mi éxito",Noviembre - Diciembre 2022,6,5,24,24,410,20,No,No aplica,"Pendiente de realizarlo, aun no llega la fecha","No, no tengo vacantes por cubrir",Deseo continuar con el resto de la encuesta.
14,COMP014,Guanajuato,"Sí,acepto",Silao,Silao,He Leído y estoy de acuerdo en compartir mi información de acuerdo la lo establecido en el Aviso de Privacidad.,ACTUALIZAR ENCUESTA.,Silao,Silao,GUANAJUATO PUERTO INTERIOR - SILAO,"Industrial en general(Industria Aeroespacial, automotriz, metalúrgica, petroquímica, agroindustria, textil, etc.)",Termoplasticos especializados para la industria automotríz y de calzado,Estados Unidos de América,más de 40 años,Sí,50,29,10,203.04,262.84,294.74,366.8,"0, no tiene equipo a cargo",Este modelo de 4 categorías se ajusta al esquema de mi compañía,"Nada me detiene, mi perseverancia es la clave de mi éxito",Noviembre - Diciembre 2022,0,1,0,0,0,0,No,Actualmente en desarrollo con un plan interno,"Pendiente de realizarlo, aun no llega la fecha","No, no tengo vacantes por cubrir","Sí, Deseo continuar con el resto de la encuesta pero necesito un descanso de 5 minutos."
15,COMP015,Guanajuato,"Sí,acepto",Celaya,Celaya,He Leído y estoy de acuerdo en compartir mi información de acuerdo la lo establecido en el Aviso de Privacidad.,ACTUALIZAR ENCUESTA.,Celaya,Celaya,NOVOPARK - CELAYA,"Industrial en general(Industria Aeroespacial, automotriz, metalúrgica, petroquímica, agroindustria, textil, etc.)",Cereales y Galletas,México,16 - 20 años,Sí,692,292,41,245,260,334,404,8,Tenemos más categorías y rangos. Por favor especifique:,"Nada me detiene, mi perseverancia es la clave de mi éxito",Noviembre - Diciembre 2022,33,3,73,49,1345,0,Sí,Actualmente en desarrollo con un plan interno,"Pendiente de realizarlo, aun no llega la fecha","Sí, tengo vacantes próximas a cubrir en este bimestre",Deseo continuar con el resto de la encuesta.
16,COMP016,Guanajuato,"Sí,acepto",Celaya,Celaya,He leído y estoy de acuerdo en compartir mi información de acuerdo la lo establecido en el Aviso de Privacidad y Confidencialidad.,ACTUALIZAR ENCUESTA.,Celaya,Celaya,NO ESTAMOS DENTRO DE UN PARQUE INDUSTRIAL,"Industrial en general(Industria Aeroespacial, automotriz, metalúrgica, petroquímica, agroindustria, textil, etc.)",COMPONENTES DE PIEZAS PLASTICAS,México,11 - 15 años,No,117,35,89,196.25,215.15,233.45,249.98,"0, no tiene equipo a cargo",Tenemos más categorías y rangos. Por favor especifique:,"Nada me detiene, mi perseverancia es la clave de mi éxito",Noviembre - Diciembre 2022,23,6,24,12,157,50,Sí,Actualmente en desarrollo con un plan interno,Ya tuvimos la revisión de incrementos salariales del 2023,"Sí, tengo vacantes próximas a cubrir en este bimestre",Deseo continuar con el resto de la encuesta.
17,COMP017,Guanajuato,"No, no acepto por el momento",Irapuato,Irapuato,He Leído y estoy de acuerdo en compartir mi información de acuerdo la lo establecido en el Aviso de Privacidad.,ACTUALIZAR ENCUESTA.,Irapuato,Irapuato,NO ESTAMOS DENTRO DE UN PARQUE INDUSTRIAL,"Industrial en general(Industria Aeroespacial, automotriz, metalúrgica, petroquímica, agroindustria, textil, etc.)","Catsup, mermeladas, salsas, vegetales enlatados, Palomitas para microondas. Marcas del Monte y ACTII",Estados Unidos de América,más de 40 años,Sí,366,141,37,242,334,442,512,17,Este modelo de 4 categorías se ajusta al esquema de mi compañía,Me gustaría concluir posteriormente la encuesta,Noviembre - Diciembre 2022,6,3,14,12,658,0,Sí,Actualmente en desarrollo con un plan interno,Ya tuvimos la revisión de incrementos salariales del 2023,"Sí, tengo vacantes próximas a cubrir en este bimestre",Deseo continuar con el resto de la encuesta.
18,COMP018,Guanajuato,"Sí,acepto",Celaya,Celaya,He leído y estoy de acuerdo en compartir mi información de acuerdo la lo establecido en el Aviso de Privacidad y Confidencialidad.,ACTUALIZAR ENCUESTA.,Celaya,Celaya,NO ESTAMOS DENTRO DE UN PARQUE INDUSTRIAL,"Industrial en general(Industria Aeroespacial, automotriz, metalúrgica, petroquímica, agroindustria, textil, etc.)",EMPAQUES DE CARTÓN CORRUGADO,México,20 - 30 años,No,140,30,23,255.3,333.31,386.65,458.27,5,Este modelo de 4 categorías se ajusta al esquema de mi compañía,"Nada me detiene, mi perseverancia es la clave de mi éxito",Noviembre - Diciembre 2022,12,4,7,5,68,0,Sí,Actualmente en desarrollo con un plan interno,Ya tuvimos la revisión de incrementos salariales del 2023,"No, no tengo vacantes por cubrir","Sí, Deseo continuar con el resto de la encuesta pero necesito un descanso de 5 minutos."
19,COMP019,Guanajuato,"Sí,acepto",Apaseo el Grande,Apaseo el Grande,He leído y estoy de acuerdo en compartir mi información de acuerdo la lo establecido en el Aviso de Privacidad y Confidencialidad.,ACTUALIZAR ENCUESTA.,Apaseo el Grande,Apaseo el Grande,NO ESTAMOS DENTRO DE UN PARQUE INDUSTRIAL,Otro (especifique),Vegetales Congelados,México,más de 40 años,Sí,610,60,53,218,233,248,269,"0, no tiene equipo a cargo",Tenemos más categorías y rangos. Por favor especifique:,"Sí, necesito un descanso de 5 minutos",Noviembre - Diciembre 2022,61,8,58,35,1323,0,No,Actualmente en desarrollo con un plan interno,Ya tuvimos la revisión de incrementos salariales del 2023,"Sí, tengo vacantes próximas a cubrir en este bimestre","Sí, Deseo continuar con el resto de la encuesta pero necesito un descanso de 5 minutos."
20,COMP020,Guanajuato,"No, no acepto por el momento",Celaya,Celaya,He leído y estoy de acuerdo en compartir mi información de acuerdo la lo establecido en el Aviso de Privacidad y Confidencialidad.,ACTUALIZAR ENCUESTA.,Celaya,Celaya,NO ESTAMOS DENTRO DE UN PARQUE INDUSTRIAL,"Industrial en general(Industria Aeroespacial, automotriz, metalúrgica, petroquímica, agroindustria, textil, etc.)",Alambrón y Varilla,México,20 - 30 años,Sí,775,180,2,351.56,444.05,558.68,647.69,10,Este modelo de 4 categorías se ajusta al esquema de mi compañía,"Nada me detiene, mi perseverancia es la clave de mi éxito",Noviembre - Diciembre 2022,6,8,16,8,43,0,Sí,Actualmente en desarrollo con un plan interno,"Pendiente de realizarlo, aun no llega la fecha","Sí, tengo vacantes próximas a cubrir en este bimestre",Deseo finalizar mi participación.
21,COMP021,Guanajuato,"Sí,acepto",Villagran,Villagran,He leído y estoy de acuerdo en compartir mi información de acuerdo la lo establecido en el Aviso de Privacidad y Confidencialidad.,ACTUALIZAR ENCUESTA.,Villagran,Villagran,NO ESTAMOS DENTRO DE UN PARQUE INDUSTRIAL,"Industrial en general(Industria Aeroespacial, automotriz, metalúrgica, petroquímica, agroindustria, textil, etc.)","Productor derivados del alambron, en su mayoría para la construcción.",México,más de 40 años,Sí,457,36,2,290.76,441.021,488.033,690.514,"0, no tiene equipo a cargo",Tenemos más categorías y rangos. Por favor especifique:,"Nada me detiene, mi perseverancia es la clave de mi éxito",Noviembre - Diciembre 2022,3,3,14,8,75,0,Sí,Actualmente en desarrollo con un plan interno,"Pendiente de realizarlo, aun no llega la fecha","Sí, tengo vacantes próximas a cubrir en este bimestre",Deseo finalizar mi participación.
22,COMP022,Guanajuato,"Sí,acepto",Celaya,Celaya,He leído y estoy de acuerdo en compartir mi información de acuerdo la lo establecido en el Aviso de Privacidad y Confidencialidad.,ACTUALIZAR ENCUESTA.,Celaya,Celaya,"En caso de que no encontrar en la lista tu parque industrial o zona, ingresa el nombre aquí.","Industrial en general(Industria Aeroespacial, automotriz, metalúrgica, petroquímica, agroindustria, textil, etc.)","MAQUINADOS INDUSTRIALES, DISEÑO Y FABRICACIÓN DE HERRAMENTALES",México,7 - 10 años,No,24,12,61,193.33,213,230,550,"0, no tiene equipo a cargo",Tenemos más categorías y rangos. Por favor especifique:,"Nada me detiene, mi perseverancia es la clave de mi éxito",Noviembre - Diciembre 2022,16,3,7,2,25,0,Sí,Pendiente por desarrollar,"Pendiente de realizarlo, aun no llega la fecha","Sí, tengo vacantes próximas a cubrir en este bimestre",Deseo continuar con el resto de la encuesta.
23,COMP023,Guanajuato,"Sí,acepto",León,León,He leído y estoy de acuerdo en compartir mi información de acuerdo la lo establecido en el Aviso de Privacidad y Confidencialidad.,ACTUALIZAR ENCUESTA.,León,León,LAS COLINAS DE LEÓN INDUSTRIAL PARK - LEÓN,"Industrial en general(Industria Aeroespacial, automotriz, metalúrgica, petroquímica, agroindustria, textil, etc.)",Filtros de Aire y Líquidos,Estados Unidos de América,0 - 6 meses,Sí,0,8,20,269.63,400,500,800,"0, no tiene equipo a cargo",Este modelo de 4 categorías se ajusta al esquema de mi compañía,"Nada me detiene, mi perseverancia es la clave de mi éxito",Noviembre - Diciembre 2022,8,7,0,0,0,0,No,No aplica,No Aplica (Especifique),"Sí, tengo vacantes próximas a cubrir en este bimestre",Deseo continuar con el resto de la encuesta.
24,COMP024,Guanajuato,"No, no acepto por el momento",Celaya,Celaya,He Leído y estoy de acuerdo en compartir mi información de acuerdo la lo establecido en el Aviso de Privacidad.,ACTUALIZAR ENCUESTA.,Celaya,Celaya,BUSINESS PARK CELAYA II - CELAYA,"Industrial en general(Industria Aeroespacial, automotriz, metalúrgica, petroquímica, agroindustria, textil, etc.)",Autopartes de acero por forja en frío más operaciones secundarios,España,4 - 6 años,No,0,6,29,237,301,362,584,17,Este modelo de 4 categorías se ajusta al esquema de mi compañía,"Nada me detiene, mi perseverancia es la clave de mi éxito",Noviembre - Diciembre 2022,0,3,0,0,0,0,No,Actualmente en desarrollo con un plan interno,"Pendiente de realizarlo, aun no llega la fecha","No, no tengo vacantes por cubrir",Deseo continuar con el resto de la encuesta.
25,COMP025,Guanajuato,"Sí,acepto",Celaya,Celaya,He leído y estoy de acuerdo en compartir mi información de acuerdo la lo establecido en el Aviso de Privacidad y Confidencialidad.,ACTUALIZAR ENCUESTA.,Celaya,Celaya,NO ESTAMOS DENTRO DE UN PARQUE INDUSTRIAL,"Industrial en general(Industria Aeroespacial, automotriz, metalúrgica, petroquímica, agroindustria, textil, etc.)",Embutidos y carnes frías,México,más de 40 años,Sí,750,370,40,244,262,300,345,1,Este modelo de 4 categorías se ajusta al esquema de mi compañía,"Nada me detiene, mi perseverancia es la clave de mi éxito",Noviembre - Diciembre 2022,53,3,74,29,460,0,Sí,Actualmente en desarrollo con un plan interno,"Pendiente de realizarlo, aun no llega la fecha","Sí, tengo vacantes próximas a cubrir en este bimestre","Sí, Deseo continuar con el resto de la encuesta pero necesito un descanso de 5 minutos."
26,COMP026,Guanajuato,"Sí,acepto",Celaya,Celaya,He leído y estoy de acuerdo en compartir mi información de acuerdo la lo establecido en el Aviso de Privacidad y Confidencialidad.,ACTUALIZAR ENCUESTA.,Celaya,Celaya,"En caso de que no encontrar en la lista tu parque industrial o zona, ingresa el nombre aquí.","Industrial en general(Industria Aeroespacial, automotriz, metalúrgica, petroquímica, agroindustria, textil, etc.)",Agroquímicos,México,30 - 40 años,Sí,111,17,60,251.42,290.81,311,430,8,Este modelo de 4 categorías se ajusta al esquema de mi compañía,"Nada me detiene, mi perseverancia es la clave de mi éxito",Noviembre - Diciembre 2022,6,10,12,5,193,0,Sí,Actualmente en desarrollo con un plan interno,Ya tuvimos la revisión de incrementos salariales del 2023,"Sí, tengo vacantes próximas a cubrir en este bimestre",Deseo continuar con el resto de la encuesta.
27,COMP027,Guanajuato,"Sí,acepto",Irapuato,Irapuato,He Leído y estoy de acuerdo en compartir mi información de acuerdo la lo establecido en el Aviso de Privacidad.,ACTUALIZAR ENCUESTA.,Irapuato,Irapuato,CENTRO INDUSTRIAL GUANAJUATO - IRAPUATO,"Industrial en general(Industria Aeroespacial, automotriz, metalúrgica, petroquímica, agroindustria, textil, etc.)","Suspensiones frontales y traseras, diversos componentes automotrices",Japón,7 - 10 años,Sí,850,326,25,230,255,276.12,300.96,9,Este modelo de 4 categorías se ajusta al esquema de mi compañía,"Nada me detiene, mi perseverancia es la clave de mi éxito",Noviembre - Diciembre 2022,67,5,45,19,788,80,Sí,Actualmente en desarrollo con un plan interno,"Pendiente de realizarlo, aun no llega la fecha","Sí, tengo vacantes próximas a cubrir en este bimestre",Deseo continuar con el resto de la encuesta.
28,COMP028,Guanajuato,"Sí,acepto",Silao,Silao,He leído y estoy de acuerdo en compartir mi información de acuerdo la lo establecido en el Aviso de Privacidad y Confidencialidad.,ACTUALIZAR ENCUESTA.,Silao,Silao,GUANAJUATO PUERTO INTERIOR - SILAO,"Industrial en general(Industria Aeroespacial, automotriz, metalúrgica, petroquímica, agroindustria, textil, etc.)",Die Casting,Italia,7 - 10 años,Sí,246,122,27,220,257,325,379,"0, no tiene equipo a cargo",Este modelo de 4 categorías se ajusta al esquema de mi compañía,"Nada me detiene, mi perseverancia es la clave de mi éxito",Noviembre - Diciembre 2022,21,6,79,38,491,0,Sí,Pendiente por desarrollar,"Pendiente de realizarlo, aun no llega la fecha","Sí, tengo vacantes próximas a cubrir en este bimestre","Sí, Deseo continuar con el resto de la encuesta pero necesito un descanso de 5 minutos."
29,COMP029,Guanajuato,"Sí,acepto",Celaya,Celaya,He leído y estoy de acuerdo en compartir mi información de acuerdo la lo establecido en el Aviso de Privacidad y Confidencialidad.,ACTUALIZAR ENCUESTA.,Celaya,Celaya,NO ESTAMOS DENTRO DE UN PARQUE INDUSTRIAL,"Empresa de servicios en general(Comercios en general, salud, instituciones financieras, gasolineras, hotelería, transporte, ventas, etc.)",COMERCIALIZADORA DE DERIVADOS DE ACERO,México,30 - 40 años,Sí,42,55,40,210.19,316.26,409.15,571.77,1,Tenemos más categorías y rangos. Por favor especifique:,"Nada me detiene, mi perseverancia es la clave de mi éxito",Noviembre - Diciembre 2022,5,2,5,2,23,8,Sí,Actualmente en desarrollo con un plan interno,Ya tuvimos la revisión de incrementos salariales del 2023,"Sí, tengo vacantes próximas a cubrir en este bimestre","Sí, Deseo continuar con el resto de la encuesta pero necesito un descanso de 5 minutos."
30,COMP030,Guanajuato,"No, no acepto por el momento",León,León,He leído y estoy de acuerdo en compartir mi información de acuerdo la lo establecido en el Aviso de Privacidad y Confidencialidad.,ACTUALIZAR ENCUESTA.,León,León,NO ESTAMOS DENTRO DE UN PARQUE INDUSTRIAL,"Industrial en general(Industria Aeroespacial, automotriz, metalúrgica, petroquímica, agroindustria, textil, etc.)","Realizamos proyectos desde diseño, modelos, manufactura, maquinados y acabados superficiales, como herramentales en acero refractario para tratamiento térmico, aceros, hierros grises, hierro nodular, bronces y aluminio en procesos sand casting en tiradas cortas.",México,1 - 3 años,No,15,5,15,214.28,285.71,428.57,800,4,Este modelo de 4 categorías se ajusta al esquema de mi compañía,"Nada me detiene, mi perseverancia es la clave de mi éxito",Noviembre - Diciembre 2022,0,3,0,0,3,0,No,No aplica,"Pendiente de realizarlo, aun no llega la fecha","No, no tengo vacantes por cubrir",Deseo continuar con el resto de la encuesta.
31,COMP031,Guanajuato,"No, no acepto por el momento",San Miguel de Allende,San Miguel de Allende,He leído y estoy de acuerdo en compartir mi información de acuerdo la lo establecido en el Aviso de Privacidad y Confidencialidad.,ACTUALIZAR ENCUESTA.,San Miguel de Allende,San Miguel de Allende,NO ESTAMOS DENTRO DE UN PARQUE INDUSTRIAL,"Industrial en general(Industria Aeroespacial, automotriz, metalúrgica, petroquímica, agroindustria, textil, etc.)","Licenciamiento, soporte técnico, capacitación, consultoría en software de simulación ANSYS",México,20 - 30 años,No,25,30,30,280,666,900,900,10,Este modelo de 4 categorías se ajusta al esquema de mi compañía,Me gustaría concluir posteriormente la encuesta,Noviembre - Diciembre 2022,2,5,3,2,0,0,Sí,Actualmente en desarrollo con un plan interno,No Aplica (Especifique),"No, no tengo vacantes por cubrir",Deseo continuar con el resto de la encuesta.
32,COMP032,Guanajuato,"Sí,acepto",Irapuato,Irapuato,He Leído y estoy de acuerdo en compartir mi información de acuerdo la lo establecido en el Aviso de Privacidad.,ACTUALIZAR ENCUESTA.,Irapuato,Irapuato,PARQUE TECNO INDUSTRIAL CASTRO DEL RÍO - IRAPUATO,"Industrial en general(Industria Aeroespacial, automotriz, metalúrgica, petroquímica, agroindustria, textil, etc.)",Partes estampadas para body y transmisión,Japón,7 - 10 años,Sí,88,41,60,187.79,260.95,379.19,489.92,10,Tenemos más categorías y rangos. Por favor especifique:,"Nada me detiene, mi perseverancia es la clave de mi éxito",Noviembre - Diciembre 2022,5,4,10,5,155,37,Sí,Pendiente por desarrollar,"Pendiente de realizarlo, aun no llega la fecha","Sí, tengo vacantes próximas a cubrir en este bimestre",Deseo continuar con el resto de la encuesta.
33,COMP033,Guanajuato,"Sí,acepto",Celaya,Celaya,He leído y estoy de acuerdo en compartir mi información de acuerdo la lo establecido en el Aviso de Privacidad y Confidencialidad.,ACTUALIZAR ENCUESTA.,Celaya,Celaya,NOVOPARK - CELAYA,"Industrial en general(Industria Aeroespacial, automotriz, metalúrgica, petroquímica, agroindustria, textil, etc.)",Partes para aeronaves,Estados Unidos de América,1 - 3 años,No,4,11,32,275,284,294,294,"0, no tiene equipo a cargo",Este modelo de 4 categorías se ajusta al esquema de mi compañía,"Nada me detiene, mi perseverancia es la clave de mi éxito",Noviembre - Diciembre 2022,0,7,1,1,0,0,No,Actualmente en desarrollo con un plan interno,No Aplica (Especifique),"Sí, tengo vacantes próximas a cubrir en este bimestre",Deseo continuar con el resto de la encuesta.
34,COMP034,Guanajuato,"Sí,acepto",Silao,Silao,He leído y estoy de acuerdo en compartir mi información de acuerdo la lo establecido en el Aviso de Privacidad y Confidencialidad.,ACTUALIZAR ENCUESTA.,Silao,Silao,NO ESTAMOS DENTRO DE UN PARQUE INDUSTRIAL,"Industrial en general(Industria Aeroespacial, automotriz, metalúrgica, petroquímica, agroindustria, textil, etc.)","Manufactura de interiores de vehiculos (consolas, cabeceras, paneles de puertas, paneles de instrumentos, etc)",Estados Unidos de América,11 - 15 años,Sí,946,39,51,218,238,313,388,"0, no tiene equipo a cargo",Tenemos más categorías y rangos. Por favor especifique:,"Nada me detiene, mi perseverancia es la clave de mi éxito",Noviembre - Diciembre 2022,95,7,84,42,523,0,No,Actualmente en desarrollo con un plan interno,Ya tuvimos la revisión de incrementos salariales del 2023,"Sí, tengo vacantes próximas a cubrir en este bimestre",Deseo continuar con el resto de la encuesta.
35,COMP035,Guanajuato,"Sí,acepto",Silao,Silao,He Leído y estoy de acuerdo en compartir mi información de acuerdo la lo establecido en el Aviso de Privacidad.,ACTUALIZAR ENCUESTA.,Silao,Silao,GUANAJUATO PUERTO INTERIOR - SILAO,"Industrial en general(Industria Aeroespacial, automotriz, metalúrgica, petroquímica, agroindustria, textil, etc.)",Juegos de Llaves   Sistema de Encendido   Espejos Laterales   Manijas,Japón,7 - 10 años,Sí,841,130,60,207,231,264,294,"0, no tiene equipo a cargo",Tenemos más categorías y rangos. Por favor especifique:,"Nada me detiene, mi perseverancia es la clave de mi éxito",Noviembre - Diciembre 2022,35,5,66,38,1388,0,Sí,Pendiente por desarrollar,No Aplica (Especifique),"Sí, tengo vacantes próximas a cubrir en este bimestre",Deseo continuar con el resto de la encuesta.
36,COMP036,Guanajuato,"Sí,acepto",Silao,Silao,He Leído y estoy de acuerdo en compartir mi información de acuerdo la lo establecido en el Aviso de Privacidad.,ACTUALIZAR ENCUESTA.,Silao,Silao,GUANAJUATO PUERTO INTERIOR - SILAO,"Industrial en general(Industria Aeroespacial, automotriz, metalúrgica, petroquímica, agroindustria, textil, etc.)",Resina Plastica,Japón,7 - 10 años,Sí,110,40,18,247,299,470,661,5,Tenemos más categorías y rangos. Por favor especifique:,"Nada me detiene, mi perseverancia es la clave de mi éxito",Noviembre - Diciembre 2022,4,4,14,7,312,0,Sí,Actualmente en desarrollo con un plan interno,"Pendiente de realizarlo, aun no llega la fecha","Sí, tengo vacantes próximas a cubrir en este bimestre",Deseo continuar con el resto de la encuesta.
37,COMP037,Guanajuato,"Sí,acepto",Silao,Silao,He leído y estoy de acuerdo en compartir mi información de acuerdo la lo establecido en el Aviso de Privacidad y Confidencialidad.,ACTUALIZAR ENCUESTA.,Silao,Silao,GUANAJUATO PUERTO INTERIOR - SILAO,"Industrial en general(Industria Aeroespacial, automotriz, metalúrgica, petroquímica, agroindustria, textil, etc.)",Panel aislante industrial para construcciones y cámaras de frío,Italia,7 - 10 años,Sí,22,57,19,262.92,306.73,350.54,438.19,4,Este modelo de 4 categorías se ajusta al esquema de mi compañía,"Nada me detiene, mi perseverancia es la clave de mi éxito",Noviembre - Diciembre 2022,1,3,2,0,7,0,No,Actualmente en desarrollo con un plan interno,Ya tuvimos la revisión de incrementos salariales del 2023,"Sí, tengo vacantes próximas a cubrir en este bimestre",Deseo continuar con el resto de la encuesta.
38,COMP038,Guanajuato,"Sí,acepto",Irapuato,Irapuato,He Leído y estoy de acuerdo en compartir mi información de acuerdo la lo establecido en el Aviso de Privacidad.,ACTUALIZAR ENCUESTA.,Irapuato,Irapuato,PARQUE TECNO INDUSTRIAL CASTRO DEL RÍO - IRAPUATO,"Industrial en general(Industria Aeroespacial, automotriz, metalúrgica, petroquímica, agroindustria, textil, etc.)",Ensamble y Soldadura de partes automotrices,Japón,7 - 10 años,Sí,26,9,49,215,230,300,335,"0, no tiene equipo a cargo",Este modelo de 4 categorías se ajusta al esquema de mi compañía,"Nada me detiene, mi perseverancia es la clave de mi éxito",Noviembre - Diciembre 2022,3,5,3,3,8,0,Sí,Actualmente en desarrollo con un plan interno,"Pendiente de realizarlo, aun no llega la fecha","Sí, tengo vacantes próximas a cubrir en este bimestre",Deseo continuar con el resto de la encuesta.
39,COMP039,Guanajuato,"Sí,acepto",Celaya,Celaya,He leído y estoy de acuerdo en compartir mi información de acuerdo la lo establecido en el Aviso de Privacidad y Confidencialidad.,ACTUALIZAR ENCUESTA.,Celaya,Celaya,NO ESTAMOS DENTRO DE UN PARQUE INDUSTRIAL,"Industrial en general(Industria Aeroespacial, automotriz, metalúrgica, petroquímica, agroindustria, textil, etc.)",Pistones de aluminio y de acero,Alemania,16 - 20 años,Sí,393,307,23,255,347,438,529,"0, no tiene equipo a cargo",Tenemos más categorías y rangos. Por favor especifique:,"Nada me detiene, mi perseverancia es la clave de mi éxito",Noviembre - Diciembre 2022,41,4,25,14,111,0,Sí,No aplica,No Aplica (Especifique),"Sí, tengo vacantes próximas a cubrir en este bimestre","Sí, Deseo continuar con el resto de la encuesta pero necesito un descanso de 5 minutos."
40,COMP040,Guanajuato,"Sí,acepto",Irapuato,Irapuato,He Leído y estoy de acuerdo en compartir mi información de acuerdo la lo establecido en el Aviso de Privacidad.,ACTUALIZAR ENCUESTA.,Irapuato,Irapuato,PARQUE TECNO INDUSTRIAL CASTRO DEL RÍO - IRAPUATO,"Industrial en general(Industria Aeroespacial, automotriz, metalúrgica, petroquímica, agroindustria, textil, etc.)",Arneses Automotrices,Alemania,11 - 15 años,Sí,1633,264,59,234.72,258.19,333.33,394.66,"0, no tiene equipo a cargo",Este modelo de 4 categorías se ajusta al esquema de mi compañía,"Nada me detiene, mi perseverancia es la clave de mi éxito",Noviembre - Diciembre 2022,172,8,148,74,6042,305,Sí,Actualmente en desarrollo con un plan interno,Ya tuvimos la revisión de incrementos salariales del 2023,"Sí, tengo vacantes próximas a cubrir en este bimestre",Deseo continuar con el resto de la encuesta.
41,COMP041,Guanajuato,"Sí,acepto",Celaya,Celaya,He leído y estoy de acuerdo en compartir mi información de acuerdo la lo establecido en el Aviso de Privacidad y Confidencialidad.,ACTUALIZAR ENCUESTA.,Celaya,Celaya,NO ESTAMOS DENTRO DE UN PARQUE INDUSTRIAL,"Industrial en general(Industria Aeroespacial, automotriz, metalúrgica, petroquímica, agroindustria, textil, etc.)","PISTONES, PERNOS, METALES, JUNTAS DE MOTOR",México,más de 40 años,Sí,510,164,39,256,256,306,376,"0, no tiene equipo a cargo",Este modelo de 4 categorías se ajusta al esquema de mi compañía,"Nada me detiene, mi perseverancia es la clave de mi éxito",Noviembre - Diciembre 2022,25,6,35,10,315,0,Sí,Actualmente en desarrollo con un plan interno,"Pendiente de realizarlo, aun no llega la fecha","Sí, tengo vacantes próximas a cubrir en este bimestre",Deseo continuar con el resto de la encuesta.
42,COMP042,Guanajuato,"Sí,acepto",Celaya,Celaya,He leído y estoy de acuerdo en compartir mi información de acuerdo la lo establecido en el Aviso de Privacidad y Confidencialidad.,ACTUALIZAR ENCUESTA.,Celaya,Celaya,NO ESTAMOS DENTRO DE UN PARQUE INDUSTRIAL,"Industrial en general(Industria Aeroespacial, automotriz, metalúrgica, petroquímica, agroindustria, textil, etc.)",Refrigeradores,México,16 - 20 años,Sí,3436,886,59,217.24,239.61,276.53,304.17,"0, no tiene equipo a cargo",Tenemos más categorías y rangos. Por favor especifique:,"Nada me detiene, mi perseverancia es la clave de mi éxito",Noviembre - Diciembre 2022,300,6,300,240,5516,242,Sí,Actualmente en desarrollo con un plan interno,"Pendiente de realizarlo, aun no llega la fecha","Sí, tengo vacantes próximas a cubrir en este bimestre",Deseo continuar con el resto de la encuesta.
43,COMP043,Guanajuato,"Sí,acepto",Silao,Silao,He Leído y estoy de acuerdo en compartir mi información de acuerdo la lo establecido en el Aviso de Privacidad.,ACTUALIZAR ENCUESTA.,Silao,Silao,LAS COLINAS DE SILAO INDUSTRIAL & BUSINESS PARK - SILAO,"Industrial en general(Industria Aeroespacial, automotriz, metalúrgica, petroquímica, agroindustria, textil, etc.)",Modulos de Aire Acondicionado,Alemania,11 - 15 años,Sí,136,38,88,189.75,228.13,264.87,328.78,6,Tenemos más categorías y rangos. Por favor especifique:,Me gustaría concluir posteriormente la encuesta,Noviembre - Diciembre 2022,2,5,3,1,67,0,No,Actualmente en desarrollo con un plan interno,"Pendiente de realizarlo, aun no llega la fecha","Sí, tengo vacantes próximas a cubrir en este bimestre",Deseo continuar con el resto de la encuesta.
44,COMP044,Guanajuato,"Sí,acepto",Silao,Silao,He Leído y estoy de acuerdo en compartir mi información de acuerdo la lo establecido en el Aviso de Privacidad.,ACTUALIZAR ENCUESTA.,Silao,Silao,LAS COLINAS DE SILAO INDUSTRIAL & BUSINESS PARK - SILAO,"Industrial en general(Industria Aeroespacial, automotriz, metalúrgica, petroquímica, agroindustria, textil, etc.)",Seguros electricos,Japón,7 - 10 años,Sí,556,107,62,233,288,314,328,15,Tenemos más categorías y rangos. Por favor especifique:,"Nada me detiene, mi perseverancia es la clave de mi éxito",Noviembre - Diciembre 2022,8,6,44,29,472,355,Sí,Actualmente en desarrollo con un plan interno,"Pendiente de realizarlo, aun no llega la fecha","Sí, tengo vacantes próximas a cubrir en este bimestre",Deseo continuar con el resto de la encuesta.
45,COMP045,Guanajuato,"Sí,acepto",Silao,Silao,He Leído y estoy de acuerdo en compartir mi información de acuerdo la lo establecido en el Aviso de Privacidad.,ACTUALIZAR ENCUESTA.,Silao,Silao,GUANAJUATO PUERTO INTERIOR - SILAO,"Industrial en general(Industria Aeroespacial, automotriz, metalúrgica, petroquímica, agroindustria, textil, etc.)",Autopartes de plástico.,Japón,4 - 6 años,Sí,245,112,55,206.38,233.87,233.87,272.41,"0, no tiene equipo a cargo",Tenemos más categorías y rangos. Por favor especifique:,"Nada me detiene, mi perseverancia es la clave de mi éxito",Noviembre - Diciembre 2022,19,3,26,17,1029,147,Sí,Actualmente en desarrollo con un plan interno,"Pendiente de realizarlo, aun no llega la fecha","Sí, tengo vacantes próximas a cubrir en este bimestre","Sí, Deseo continuar con el resto de la encuesta pero necesito un descanso de 5 minutos."
46,COMP046,Guanajuato,"Sí,acepto",Irapuato,Irapuato,He Leído y estoy de acuerdo en compartir mi información de acuerdo la lo establecido en el Aviso de Privacidad.,ACTUALIZAR ENCUESTA.,Irapuato,Irapuato,PARQUE TECNO INDUSTRIAL CASTRO DEL RÍO - IRAPUATO,"Industrial en general(Industria Aeroespacial, automotriz, metalúrgica, petroquímica, agroindustria, textil, etc.)",BARRAS ESTABILIZADORAS Y RESORTES HELICOIDALES,Japón,7 - 10 años,Sí,88,104,29,248,287,300,354,"0, no tiene equipo a cargo",Tenemos más categorías y rangos. Por favor especifique:,"Nada me detiene, mi perseverancia es la clave de mi éxito",Noviembre - Diciembre 2022,5,6,9,4,14,4,Sí,Actualmente en desarrollo con un plan interno,"Pendiente de realizarlo, aun no llega la fecha","Sí, tengo vacantes próximas a cubrir en este bimestre",Deseo continuar con el resto de la encuesta.
47,COMP047,Guanajuato,"Sí,acepto",Silao,Silao,He leído y estoy de acuerdo en compartir mi información de acuerdo la lo establecido en el Aviso de Privacidad y Confidencialidad.,ACTUALIZAR ENCUESTA.,Silao,Silao,GUANAJUATO PUERTO INTERIOR - SILAO,"Industrial en general(Industria Aeroespacial, automotriz, metalúrgica, petroquímica, agroindustria, textil, etc.)",Pintura para industria Automotriz,Japón,7 - 10 años,Sí,20,79,30,230.1,230,278.77,485.32,5,Este modelo de 4 categorías se ajusta al esquema de mi compañía,"Nada me detiene, mi perseverancia es la clave de mi éxito",Noviembre - Diciembre 2022,0,3,16,15,126,20,No,Actualmente en desarrollo con un plan interno,Ya tuvimos la revisión de incrementos salariales del 2023,"Sí, tengo vacantes próximas a cubrir en este bimestre",Deseo continuar con el resto de la encuesta.
48,COMP048,Guanajuato,"Sí,acepto",León,León,He leído y estoy de acuerdo en compartir mi información de acuerdo la lo establecido en el Aviso de Privacidad y Confidencialidad.,ACTUALIZAR ENCUESTA.,León,León,LAS COLINAS DE LEÓN INDUSTRIAL PARK - LEÓN,"Industrial en general(Industria Aeroespacial, automotriz, metalúrgica, petroquímica, agroindustria, textil, etc.)",Componentes plásticos unitarios o ensamblados para la industria especializada como la automotriz y aeroespacial,España,7 - 10 años,No,165,124,55,200,300,400,900,Más de 20 personas a su cargo,Este modelo de 4 categorías se ajusta al esquema de mi compañía,"Nada me detiene, mi perseverancia es la clave de mi éxito",Noviembre - Diciembre 2022,100,3,100,20,340,40,Sí,Actualmente en desarrollo con un plan interno,"Pendiente de realizarlo, aun no llega la fecha","Sí, tengo vacantes próximas a cubrir en este bimestre",Deseo finalizar mi participación.
49,COMP049,Guanajuato,"No, no acepto por el momento",Silao,Silao,He Leído y estoy de acuerdo en compartir mi información de acuerdo la lo establecido en el Aviso de Privacidad.,ACTUALIZAR ENCUESTA.,Silao,Silao,GUANAJUATO PUERTO INTERIOR - SILAO,"Industrial en general(Industria Aeroespacial, automotriz, metalúrgica, petroquímica, agroindustria, textil, etc.)",rodamientos para la industria automotriz,Japón,7 - 10 años,Sí,115,53,21,235,298,358,439,"0, no tiene equipo a cargo",Tenemos más categorías y rangos. Por favor especifique:,"Nada me detiene, mi perseverancia es la clave de mi éxito",Noviembre - Diciembre 2022,2,5,1,0,60,0,Sí,Actualmente en desarrollo con un plan interno,"Pendiente de realizarlo, aun no llega la fecha","Sí, tengo vacantes próximas a cubrir en este bimestre",Deseo continuar con el resto de la encuesta.
50,COMP050,Guanajuato,"Sí,acepto",León,León,He leído y estoy de acuerdo en compartir mi información de acuerdo la lo establecido en el Aviso de Privacidad y Confidencialidad.,ACTUALIZAR ENCUESTA.,León,León,NO ESTAMOS DENTRO DE UN PARQUE INDUSTRIAL,"Industrial en general(Industria Aeroespacial, automotriz, metalúrgica, petroquímica, agroindustria, textil, etc.)",Desarrollo de Software,México,16 - 20 años,No,34,16,25,328,493,592,723,3,Este modelo de 4 categorías se ajusta al esquema de mi compañía,"Nada me detiene, mi perseverancia es la clave de mi éxito",Noviembre - Diciembre 2022,1,2,0,0,0,0,No,Actualmente en desarrollo con un plan interno,Ya tuvimos la revisión de incrementos salariales del 2023,"Sí, tengo vacantes próximas a cubrir en este bimestre",Deseo continuar con el resto de la encuesta.
51,COMP051,Guanajuato,"Sí,acepto",Celaya,Celaya,He leído y estoy de acuerdo en compartir mi información de acuerdo la lo establecido en el Aviso de Privacidad y Confidencialidad.,ACTUALIZAR ENCUESTA.,Celaya,Celaya,NO ESTAMOS DENTRO DE UN PARQUE INDUSTRIAL,"Empresa de servicios de apoyo para la industria(Sorteadores, shelters, servicios de outsourcing, logística, etc.)",Servicio de logística y manejo de almacén para industria automotriz,Japón,7 - 10 años,Sí,659,135,50,249,255.8,301.5,384,"0, no tiene equipo a cargo",Tenemos más categorías y rangos. Por favor especifique:,"Nada me detiene, mi perseverancia es la clave de mi éxito",Noviembre - Diciembre 2022,105,4,72,40,1483,0,Sí,Actualmente en desarrollo con un plan interno,Ya tuvimos la revisión de incrementos salariales del 2023,"Sí, tengo vacantes próximas a cubrir en este bimestre","Sí, Deseo continuar con el resto de la encuesta pero necesito un descanso de 5 minutos."
52,COMP052,Guanajuato,"Sí,acepto",Celaya,Celaya,He leído y estoy de acuerdo en compartir mi información de acuerdo la lo establecido en el Aviso de Privacidad y Confidencialidad.,ACTUALIZAR ENCUESTA.,Celaya,Celaya,NO ESTAMOS DENTRO DE UN PARQUE INDUSTRIAL,"Industrial en general(Industria Aeroespacial, automotriz, metalúrgica, petroquímica, agroindustria, textil, etc.)",aceites y grasas vegetales,México,20 - 30 años,No se,300,200,15,207.44,207.44,257.52,266.09,"0, no tiene equipo a cargo",Este modelo de 4 categorías se ajusta al esquema de mi compañía,"Nada me detiene, mi perseverancia es la clave de mi éxito",Noviembre - Diciembre 2022,47,3,38,20,150,125,Sí,Actualmente en desarrollo con un plan interno,"Pendiente de realizarlo, aun no llega la fecha","Sí, tengo vacantes próximas a cubrir en este bimestre",Deseo continuar con el resto de la encuesta.
53,COMP053,Guanajuato,"Sí,acepto",Silao,Silao,He Leído y estoy de acuerdo en compartir mi información de acuerdo la lo establecido en el Aviso de Privacidad.,ACTUALIZAR ENCUESTA.,Silao,Silao,GUANAJUATO PUERTO INTERIOR - SILAO,"Industrial en general(Industria Aeroespacial, automotriz, metalúrgica, petroquímica, agroindustria, textil, etc.)",aplicaciones de protección,España,11 - 15 años,No,82,31,53,220,232.5,217.85,325,"0, no tiene equipo a cargo",Este modelo de 4 categorías se ajusta al esquema de mi compañía,Me gustaría concluir posteriormente la encuesta,Noviembre - Diciembre 2022,2,3,2,1,46,0,Sí,No aplica,"Pendiente de realizarlo, aun no llega la fecha","Sí, tengo vacantes próximas a cubrir en este bimestre",Deseo continuar con el resto de la encuesta.
54,COMP054,Guanajuato,"No, no acepto por el momento",Silao,Silao,He leído y estoy de acuerdo en compartir mi información de acuerdo la lo establecido en el Aviso de Privacidad y Confidencialidad.,ACTUALIZAR ENCUESTA.,Silao,Silao,GUANAJUATO PUERTO INTERIOR - SILAO,"Industrial en general(Industria Aeroespacial, automotriz, metalúrgica, petroquímica, agroindustria, textil, etc.)",Moldes para la inyección de piezas plásticas.  Piezas plásticas por soplado e inyección,Canadá,4 - 6 años,Sí,71,59,44,210.91,223.53,256.77,302.11,"0, no tiene equipo a cargo",Tenemos más categorías y rangos. Por favor especifique:,"Nada me detiene, mi perseverancia es la clave de mi éxito",Noviembre - Diciembre 2022,11,1,25,13,127,5,Sí,Actualmente en desarrollo con un plan interno,"Pendiente de realizarlo, aun no llega la fecha","Sí, tengo vacantes próximas a cubrir en este bimestre",Deseo continuar con el resto de la encuesta.
55,COMP055,Guanajuato,"Sí,acepto",Silao,Silao,He Leído y estoy de acuerdo en compartir mi información de acuerdo la lo establecido en el Aviso de Privacidad.,ACTUALIZAR ENCUESTA.,Silao,Silao,GUANAJUATO PUERTO INTERIOR - SILAO,"Industrial en general(Industria Aeroespacial, automotriz, metalúrgica, petroquímica, agroindustria, textil, etc.)",Filtros de aire y aceite,Japón,7 - 10 años,Sí,302,90,55,210.18,270.64,297.75,305.33,"0, no tiene equipo a cargo",Este modelo de 4 categorías se ajusta al esquema de mi compañía,Me gustaría concluir posteriormente la encuesta,Noviembre - Diciembre 2022,0,4,18,11,184,0,No,Actualmente en desarrollo con un plan interno,"Pendiente de realizarlo, aun no llega la fecha","No, no tengo vacantes por cubrir",Deseo finalizar mi participación.
56,COMP056,Guanajuato,"Sí,acepto",Irapuato,Irapuato,He Leído y estoy de acuerdo en compartir mi información de acuerdo la lo establecido en el Aviso de Privacidad.,ACTUALIZAR ENCUESTA.,Irapuato,Irapuato,PARQUE TECNO INDUSTRIAL CASTRO DEL RÍO - IRAPUATO,"Industrial en general(Industria Aeroespacial, automotriz, metalúrgica, petroquímica, agroindustria, textil, etc.)",DIE CASTING,Japón,11 - 15 años,Sí,248,294,136,245.02,299.11,378.17,400.51,"0, no tiene equipo a cargo",Este modelo de 4 categorías se ajusta al esquema de mi compañía,"Nada me detiene, mi perseverancia es la clave de mi éxito",Noviembre - Diciembre 2022,10,10,29,15,246,30,Sí,Actualmente en desarrollo con un plan interno,"Pendiente de realizarlo, aun no llega la fecha","Sí, tengo vacantes próximas a cubrir en este bimestre","Sí, Deseo continuar con el resto de la encuesta pero necesito un descanso de 5 minutos."
57,COMP057,Guanajuato,"Sí,acepto",Irapuato,Irapuato,He Leído y estoy de acuerdo en compartir mi información de acuerdo la lo establecido en el Aviso de Privacidad.,ACTUALIZAR ENCUESTA.,Irapuato,Irapuato,PARQUE TECNO INDUSTRIAL CASTRO DEL RÍO - IRAPUATO,"Industrial en general(Industria Aeroespacial, automotriz, metalúrgica, petroquímica, agroindustria, textil, etc.)",Fabricación de elementos de sujeción y tornillería para la industria automotriz,Japón,11 - 15 años,Sí,82,58,16,305.76,333.9,362.88,411.51,"0, no tiene equipo a cargo",Este modelo de 4 categorías se ajusta al esquema de mi compañía,"Nada me detiene, mi perseverancia es la clave de mi éxito",Noviembre - Diciembre 2022,0,5,2,0,7,0,No,No aplica,"Pendiente de realizarlo, aun no llega la fecha","Sí, tengo vacantes próximas a cubrir en este bimestre",Deseo continuar con el resto de la encuesta.
58,COMP058,Guanajuato,"Sí,acepto",Celaya,Celaya,He leído y estoy de acuerdo en compartir mi información de acuerdo la lo establecido en el Aviso de Privacidad y Confidencialidad.,ACTUALIZAR ENCUESTA.,Celaya,Celaya,NO ESTAMOS DENTRO DE UN PARQUE INDUSTRIAL,"Industrial en general(Industria Aeroespacial, automotriz, metalúrgica, petroquímica, agroindustria, textil, etc.)",EMBUTIDOS,México,más de 40 años,No,36,11,11,211.71,211.71,225,238.24,"0, no tiene equipo a cargo",Este modelo de 4 categorías se ajusta al esquema de mi compañía,"Nada me detiene, mi perseverancia es la clave de mi éxito",Noviembre - Diciembre 2022,1,5,5,2,27,0,Sí,Actualmente en desarrollo con un plan interno,Ya tuvimos la revisión de incrementos salariales del 2023,"Sí, tengo vacantes próximas a cubrir en este bimestre",Deseo continuar con el resto de la encuesta.
59,COMP059,Guanajuato,"Sí,acepto",Apaseo el Grande,Apaseo el Grande,He leído y estoy de acuerdo en compartir mi información de acuerdo la lo establecido en el Aviso de Privacidad y Confidencialidad.,ACTUALIZAR ENCUESTA.,Apaseo el Grande,Apaseo el Grande,LAS COLINAS DE APASEO INDUSTRIAL PARK - APASEO,"Industrial en general(Industria Aeroespacial, automotriz, metalúrgica, petroquímica, agroindustria, textil, etc.)",Partes plásticas cromadas,Francia,1 - 3 años,Sí,170,65,81,269.05,269.05,295.96,366.06,"0, no tiene equipo a cargo",Este modelo de 4 categorías se ajusta al esquema de mi compañía,"Nada me detiene, mi perseverancia es la clave de mi éxito",Noviembre - Diciembre 2022,36,7,35,20,330,21,Sí,Actualmente en desarrollo con un plan interno,"Pendiente de realizarlo, aun no llega la fecha","Sí, tengo vacantes próximas a cubrir en este bimestre",Deseo continuar con el resto de la encuesta.
60,COMP060,Guanajuato,"No, no acepto por el momento",Irapuato,Irapuato,He Leído y estoy de acuerdo en compartir mi información de acuerdo la lo establecido en el Aviso de Privacidad.,ACTUALIZAR ENCUESTA.,Irapuato,Irapuato,PARQUE TECNO INDUSTRIAL CASTRO DEL RÍO - IRAPUATO,"Industrial en general(Industria Aeroespacial, automotriz, metalúrgica, petroquímica, agroindustria, textil, etc.)",RODAMIENTOS Y BALEROS,Alemania,11 - 15 años,Sí,457,354,31,230.44,315.71,420.92,668.22,12,Tenemos más categorías y rangos. Por favor especifique:,"Nada me detiene, mi perseverancia es la clave de mi éxito",Noviembre - Diciembre 2022,4,6,12,9,470,0,Sí,Actualmente en desarrollo con un plan interno,"Pendiente de realizarlo, aun no llega la fecha","Sí, tengo vacantes próximas a cubrir en este bimestre",Deseo continuar con el resto de la encuesta.
61,COMP061,Guanajuato,"Sí,acepto",Silao,Silao,He Leído y estoy de acuerdo en compartir mi información de acuerdo la lo establecido en el Aviso de Privacidad.,ACTUALIZAR ENCUESTA.,Silao,Silao,GUANAJUATO PUERTO INTERIOR - SILAO,"Industrial en general(Industria Aeroespacial, automotriz, metalúrgica, petroquímica, agroindustria, textil, etc.)",Resortes,Alemania,11 - 15 años,Sí,291,57,143,239,286,365,464,"0, no tiene equipo a cargo",Tenemos más categorías y rangos. Por favor especifique:,"Nada me detiene, mi perseverancia es la clave de mi éxito",Noviembre - Diciembre 2022,5,7,10,6,83,0,No,Actualmente en desarrollo con un plan interno,"Pendiente de realizarlo, aun no llega la fecha","Sí, tengo vacantes próximas a cubrir en este bimestre",Deseo continuar con el resto de la encuesta.
62,COMP062,Guanajuato,"Sí,acepto",León,León,He leído y estoy de acuerdo en compartir mi información de acuerdo la lo establecido en el Aviso de Privacidad y Confidencialidad.,ACTUALIZAR ENCUESTA.,León,León,NO ESTAMOS DENTRO DE UN PARQUE INDUSTRIAL,"Industrial en general(Industria Aeroespacial, automotriz, metalúrgica, petroquímica, agroindustria, textil, etc.)",Comercialización de aceros planos,México,más de 40 años,No,68,100,28,403.21,461.51,533.01,693.61,5,Tenemos más categorías y rangos. Por favor especifique:,"Nada me detiene, mi perseverancia es la clave de mi éxito",Noviembre - Diciembre 2022,3,4,3,2,20,4,Sí,Actualmente en desarrollo con un plan externo,No Aplica (Especifique),"Sí, tengo vacantes próximas a cubrir en este bimestre","Sí, Deseo continuar con el resto de la encuesta pero necesito un descanso de 5 minutos."
63,COMP063,Guanajuato,"Sí,acepto",Apaseo el Grande,Apaseo el Grande,He Leído y estoy de acuerdo en compartir mi información de acuerdo la lo establecido en el Aviso de Privacidad.,ACTUALIZAR ENCUESTA.,Apaseo el Grande,Apaseo el Grande,PARQUE INDUSTRIAL AMISTAD BAJIO - CELAYA,Otro (especifique),PARTES PLASTICAS,México,11 - 15 años,Sí,164,153,60,207.44,209.7,247.11,251.63,9,Este modelo de 4 categorías se ajusta al esquema de mi compañía,"Nada me detiene, mi perseverancia es la clave de mi éxito",Noviembre - Diciembre 2022,10,5,41,19,95,0,Sí,Actualmente en desarrollo con un plan interno,"Pendiente de realizarlo, aun no llega la fecha","Sí, tengo vacantes próximas a cubrir en este bimestre",Deseo continuar con el resto de la encuesta.
64,COMP064,Guanajuato,"Sí,acepto",Silao,Silao,He leído y estoy de acuerdo en compartir mi información de acuerdo la lo establecido en el Aviso de Privacidad y Confidencialidad.,ACTUALIZAR ENCUESTA.,Silao,Silao,GUANAJUATO PUERTO INTERIOR - SILAO,"Industrial en general(Industria Aeroespacial, automotriz, metalúrgica, petroquímica, agroindustria, textil, etc.)",cople flexible para la industria automotriz,Otro (especifique),4 - 6 años,Sí,157,35,42,221.97,245.32,267.47,320.13,18,Este modelo de 4 categorías se ajusta al esquema de mi compañía,"Nada me detiene, mi perseverancia es la clave de mi éxito",Noviembre - Diciembre 2022,25,7,63,23,184,0,Sí,Pendiente por desarrollar,Ya tuvimos la revisión de incrementos salariales del 2023,"Sí, tengo vacantes próximas a cubrir en este bimestre","Sí, Deseo continuar con el resto de la encuesta pero necesito un descanso de 5 minutos."
65,COMP065,Guanajuato,"No, no acepto por el momento",Silao,Silao,He Leído y estoy de acuerdo en compartir mi información de acuerdo la lo establecido en el Aviso de Privacidad.,ACTUALIZAR ENCUESTA.,Silao,Silao,GUANAJUATO PUERTO INTERIOR - SILAO,"Industrial en general(Industria Aeroespacial, automotriz, metalúrgica, petroquímica, agroindustria, textil, etc.)","ECOCORN, ECORUB, EVONPLUS, MICROTECH Y RUBFLEX, SOVERGUM, SOVERTWIN, SOVERWOOD Y SOVINIL",Italia,16 - 20 años,Sí,27,22,18,192,231,292,335,4,Este modelo de 4 categorías se ajusta al esquema de mi compañía,"Nada me detiene, mi perseverancia es la clave de mi éxito",Noviembre - Diciembre 2022,2,3,4,3,30,0,Sí,Pendiente por desarrollar,"Pendiente de realizarlo, aun no llega la fecha","Sí, tengo vacantes próximas a cubrir en este bimestre",Deseo continuar con el resto de la encuesta.
66,COMP066,Guanajuato,"No, no acepto por el momento",San Miguel de Allende,San Miguel de Allende,He Leído y estoy de acuerdo en compartir mi información de acuerdo la lo establecido en el Aviso de Privacidad.,ACTUALIZAR ENCUESTA.,San Miguel de Allende,San Miguel de Allende,POLÍGONO EMPRESARIAL SAN MIGUEL DE ALLENDE - SAN MIGUEL DE ALLENDE,"Industrial en general(Industria Aeroespacial, automotriz, metalúrgica, petroquímica, agroindustria, textil, etc.)","FILLER PIPES, RADIATOR/OIL CAPS, VALVES & ESIM, CANISTERS, FUEL CAPS, TOV/THERMALS, THERMOSTATS, FRONT END CARRIERS, ",Estados Unidos de América,7 - 10 años,Sí,200,72,60,253.12,280.78,316.73,335.7,"0, no tiene equipo a cargo",Tenemos más categorías y rangos. Por favor especifique:,"Nada me detiene, mi perseverancia es la clave de mi éxito",Noviembre - Diciembre 2022,0,8,22,10,290,0,Sí,Actualmente en desarrollo con un plan interno,"Pendiente de realizarlo, aun no llega la fecha","Sí, tengo vacantes próximas a cubrir en este bimestre",Deseo continuar con el resto de la encuesta.
67,COMP067,Guanajuato,"Sí,acepto",Irapuato,Irapuato,He Leído y estoy de acuerdo en compartir mi información de acuerdo la lo establecido en el Aviso de Privacidad.,ACTUALIZAR ENCUESTA.,Irapuato,Irapuato,PARQUE TECNO INDUSTRIAL CASTRO DEL RÍO - IRAPUATO,"Industrial en general(Industria Aeroespacial, automotriz, metalúrgica, petroquímica, agroindustria, textil, etc.)",Alfombra y tapetes para el sector automotriz,Japón,7 - 10 años,Sí,200,98,136,207.5,228,246,260,"0, no tiene equipo a cargo",Este modelo de 4 categorías se ajusta al esquema de mi compañía,"Nada me detiene, mi perseverancia es la clave de mi éxito",Noviembre - Diciembre 2022,32,2,25,22,304,6,Sí,Actualmente en desarrollo con un plan interno,"Pendiente de realizarlo, aun no llega la fecha","Sí, tengo vacantes próximas a cubrir en este bimestre",Deseo continuar con el resto de la encuesta.
68,COMP068,Guanajuato,"Sí,acepto",Celaya,Celaya,He leído y estoy de acuerdo en compartir mi información de acuerdo la lo establecido en el Aviso de Privacidad y Confidencialidad.,ACTUALIZAR ENCUESTA.,Celaya,Celaya,"En caso de que no encontrar en la lista tu parque industrial o zona, ingresa el nombre aquí.","Industrial en general(Industria Aeroespacial, automotriz, metalúrgica, petroquímica, agroindustria, textil, etc.)",CARNICOS MARINADOS,México,30 - 40 años,No,145,135,126,216.63,229.36,254.48,458.4,"0, no tiene equipo a cargo",Este modelo de 4 categorías se ajusta al esquema de mi compañía,"Nada me detiene, mi perseverancia es la clave de mi éxito",Noviembre - Diciembre 2022,46,8,29,10,42,0,Sí,Actualmente en desarrollo con un plan interno,Ya tuvimos la revisión de incrementos salariales del 2023,"No, no tengo vacantes por cubrir",Deseo continuar con el resto de la encuesta.
69,COMP069,Guanajuato,"No, no acepto por el momento",Apaseo el Grande,Apaseo el Grande,He leído y estoy de acuerdo en compartir mi información de acuerdo la lo establecido en el Aviso de Privacidad y Confidencialidad.,ACTUALIZAR ENCUESTA.,Apaseo el Grande,Apaseo el Grande,PARQUE INDUSTRIAL AMISTAD BAJIO - CELAYA,"Industrial en general(Industria Aeroespacial, automotriz, metalúrgica, petroquímica, agroindustria, textil, etc.)",Piezas plásticas para la industria automotriz,Alemania,4 - 6 años,Sí,132,57,75,219.79,269.26,323.3,338.14,"0, no tiene equipo a cargo",Este modelo de 4 categorías se ajusta al esquema de mi compañía,"Nada me detiene, mi perseverancia es la clave de mi éxito",Noviembre - Diciembre 2022,21,8,8,6,80,0,Sí,Pendiente por desarrollar,"Pendiente de realizarlo, aun no llega la fecha","Sí, tengo vacantes próximas a cubrir en este bimestre","Sí, Deseo continuar con el resto de la encuesta pero necesito un descanso de 5 minutos."
70,COMP070,Guanajuato,"No, no acepto por el momento",Silao,Silao,He Leído y estoy de acuerdo en compartir mi información de acuerdo la lo establecido en el Aviso de Privacidad.,ACTUALIZAR ENCUESTA.,Silao,Silao,GUANAJUATO PUERTO INTERIOR - SILAO,"Industrial en general(Industria Aeroespacial, automotriz, metalúrgica, petroquímica, agroindustria, textil, etc.)","Autopartes, ensamble, costura, estampado e inyección de plástico.",Japón,7 - 10 años,Sí,281,91,61,230.43,265.39,297.07,310.07,"0, no tiene equipo a cargo",Este modelo de 4 categorías se ajusta al esquema de mi compañía,"Nada me detiene, mi perseverancia es la clave de mi éxito",Noviembre - Diciembre 2022,41,6,49,33,1143,43,No,Actualmente en desarrollo con un plan interno,"Pendiente de realizarlo, aun no llega la fecha","Sí, tengo vacantes próximas a cubrir en este bimestre","Sí, Deseo continuar con el resto de la encuesta pero necesito un descanso de 5 minutos."
71,COMP071,Guanajuato,"Sí,acepto",Celaya,Celaya,He leído y estoy de acuerdo en compartir mi información de acuerdo la lo establecido en el Aviso de Privacidad y Confidencialidad.,ACTUALIZAR ENCUESTA.,Celaya,Celaya,NO ESTAMOS DENTRO DE UN PARQUE INDUSTRIAL,"Empresa de servicios en general(Comercios en general, salud, instituciones financieras, gasolineras, hotelería, transporte, ventas, etc.)",transporte de personal,México,16 - 20 años,Sí,600,129,8,185.71,400,428.57,571.42,Más de 20 personas a su cargo,Tenemos más categorías y rangos. Por favor especifique:,"Nada me detiene, mi perseverancia es la clave de mi éxito",Noviembre - Diciembre 2022,50,8,54,25,30,0,Sí,Actualmente en desarrollo con un plan interno,"Pendiente de realizarlo, aun no llega la fecha","Sí, tengo vacantes próximas a cubrir en este bimestre",Deseo continuar con el resto de la encuesta.
72,COMP072,Guanajuato,"Sí,acepto",Irapuato,Irapuato,He Leído y estoy de acuerdo en compartir mi información de acuerdo la lo establecido en el Aviso de Privacidad.,ACTUALIZAR ENCUESTA.,Irapuato,Irapuato,PARQUE TECNO INDUSTRIAL CASTRO DEL RÍO - IRAPUATO,"Industrial en general(Industria Aeroespacial, automotriz, metalúrgica, petroquímica, agroindustria, textil, etc.)",Vestiduras (costura) y estructura metalicas (soldadura)  para asientos automotrices e inyeccion de plastico para las industria automotriz,Japón,7 - 10 años,Sí,402,75,49,209.97,239,233.15,327.58,Más de 20 personas a su cargo,Tenemos más categorías y rangos. Por favor especifique:,"Nada me detiene, mi perseverancia es la clave de mi éxito",Noviembre - Diciembre 2022,69,7,98,45,493,0,Sí,Actualmente en desarrollo con un plan interno,"Pendiente de realizarlo, aun no llega la fecha","Sí, tengo vacantes próximas a cubrir en este bimestre",Deseo continuar con el resto de la encuesta.
73,COMP073,Guanajuato,"Sí,acepto",Silao,Silao,He leído y estoy de acuerdo en compartir mi información de acuerdo la lo establecido en el Aviso de Privacidad y Confidencialidad.,ACTUALIZAR ENCUESTA.,Silao,Silao,GUANAJUATO PUERTO INTERIOR - SILAO,"Industrial en general(Industria Aeroespacial, automotriz, metalúrgica, petroquímica, agroindustria, textil, etc.)","Tubería para motores y chasis para combustible, líquido para frenos y refrigerante",Japón,7 - 10 años,Sí,511,110,54,229.23,239.2,259.13,269.1,"0, no tiene equipo a cargo",Tenemos más categorías y rangos. Por favor especifique:,"Nada me detiene, mi perseverancia es la clave de mi éxito",Noviembre - Diciembre 2022,25,6,15,5,1230,15,Sí,Actualmente en desarrollo con un plan interno,"Pendiente de realizarlo, aun no llega la fecha","Sí, tengo vacantes próximas a cubrir en este bimestre",Deseo continuar con el resto de la encuesta.
74,COMP074,Guanajuato,"No, no acepto por el momento",León,León,He Leído y estoy de acuerdo en compartir mi información de acuerdo la lo establecido en el Aviso de Privacidad.,ACTUALIZAR ENCUESTA.,León,León,NO ESTAMOS DENTRO DE UN PARQUE INDUSTRIAL,"Industrial en general(Industria Aeroespacial, automotriz, metalúrgica, petroquímica, agroindustria, textil, etc.)",flechas y engranes,Otro (especifique),16 - 20 años,Sí,412,99,27,315,331,392,473,"0, no tiene equipo a cargo",Este modelo de 4 categorías se ajusta al esquema de mi compañía,"Nada me detiene, mi perseverancia es la clave de mi éxito",Noviembre - Diciembre 2022,10,3,10,8,374,1,Sí,Actualmente en desarrollo con un plan interno,"Pendiente de realizarlo, aun no llega la fecha","Sí, tengo vacantes próximas a cubrir en este bimestre",Deseo continuar con el resto de la encuesta.
75,COMP075,Guanajuato,"Sí,acepto",Silao,Silao,He leído y estoy de acuerdo en compartir mi información de acuerdo la lo establecido en el Aviso de Privacidad y Confidencialidad.,ACTUALIZAR ENCUESTA.,Silao,Silao,GUANAJUATO PUERTO INTERIOR - SILAO,"Industrial en general(Industria Aeroespacial, automotriz, metalúrgica, petroquímica, agroindustria, textil, etc.)",Motores,Alemania,7 - 10 años,Sí,1204,343,27,299.65,365.36,420.55,565.96,"0, no tiene equipo a cargo",Tenemos más categorías y rangos. Por favor especifique:,"Nada me detiene, mi perseverancia es la clave de mi éxito",Noviembre - Diciembre 2022,25,3,22,15,5599,564,Sí,Actualmente en desarrollo con un plan interno,"Pendiente de realizarlo, aun no llega la fecha","Sí, tengo vacantes próximas a cubrir en este bimestre","Sí, Deseo continuar con el resto de la encuesta pero necesito un descanso de 5 minutos."
76,COMP076,Guanajuato,"Sí,acepto",Apaseo el Grande,Apaseo el Grande,He leído y estoy de acuerdo en compartir mi información de acuerdo la lo establecido en el Aviso de Privacidad y Confidencialidad.,ACTUALIZAR ENCUESTA.,Apaseo el Grande,Apaseo el Grande,"En caso de que no encontrar en la lista tu parque industrial o zona, ingresa el nombre aquí.","Industrial en general(Industria Aeroespacial, automotriz, metalúrgica, petroquímica, agroindustria, textil, etc.)",Inyección de plástico (partes plásticas para el sector automotriz) y sub-ensambles,Japón,4 - 6 años,Sí,148,64,89,211,238,270,329,10,Tenemos más categorías y rangos. Por favor especifique:,"Nada me detiene, mi perseverancia es la clave de mi éxito",Noviembre - Diciembre 2022,8,6,13,6,101,40,Sí,Actualmente en desarrollo con un plan interno,"Pendiente de realizarlo, aun no llega la fecha","Sí, tengo vacantes próximas a cubrir en este bimestre",Deseo continuar con el resto de la encuesta.
77,COMP077,Guanajuato,"Sí,acepto",Irapuato,Irapuato,He Leído y estoy de acuerdo en compartir mi información de acuerdo la lo establecido en el Aviso de Privacidad.,ACTUALIZAR ENCUESTA.,Irapuato,Irapuato,PARQUE TECNO INDUSTRIAL CASTRO DEL RÍO - IRAPUATO,"Industrial en general(Industria Aeroespacial, automotriz, metalúrgica, petroquímica, agroindustria, textil, etc.)","Moldeo por inyección de gaskets, O´rings  y sellos para transmisiones de autos.",Alemania,7 - 10 años,Sí,38,18,34,209.35,267.33,308.12,371,11,Este modelo de 4 categorías se ajusta al esquema de mi compañía,"Nada me detiene, mi perseverancia es la clave de mi éxito",Noviembre - Diciembre 2022,1,2,0,0,1,0,Sí,Actualmente en desarrollo con un plan interno,"Pendiente de realizarlo, aun no llega la fecha","No, no tengo vacantes por cubrir","Sí, Deseo continuar con el resto de la encuesta pero necesito un descanso de 5 minutos."
78,COMP078,Guanajuato,"Sí,acepto",Irapuato,Irapuato,He Leído y estoy de acuerdo en compartir mi información de acuerdo la lo establecido en el Aviso de Privacidad.,ACTUALIZAR ENCUESTA.,Irapuato,Irapuato,CENTRO INDUSTRIAL GUANAJUATO - IRAPUATO,"Industrial en general(Industria Aeroespacial, automotriz, metalúrgica, petroquímica, agroindustria, textil, etc.)",Ajustadores para las bolsas de aire,Francia,7 - 10 años,Sí,87,44,60,200.37,212.99,252.44,314.82,"0, no tiene equipo a cargo",Este modelo de 4 categorías se ajusta al esquema de mi compañía,"Nada me detiene, mi perseverancia es la clave de mi éxito",Noviembre - Diciembre 2022,7,7,6,2,14,0,Sí,Actualmente en desarrollo con un plan interno,"Pendiente de realizarlo, aun no llega la fecha","Sí, tengo vacantes próximas a cubrir en este bimestre","Sí, Deseo continuar con el resto de la encuesta pero necesito un descanso de 5 minutos."
79,COMP079,Guanajuato,"Sí,acepto",Silao,Silao,He leído y estoy de acuerdo en compartir mi información de acuerdo la lo establecido en el Aviso de Privacidad y Confidencialidad.,ACTUALIZAR ENCUESTA.,Silao,Silao,GUANAJUATO PUERTO INTERIOR - SILAO,"Industrial en general(Industria Aeroespacial, automotriz, metalúrgica, petroquímica, agroindustria, textil, etc.)",medidores de luz,China,1 - 3 años,Sí,750,52,60,244,267.91,302.38,341.53,"0, no tiene equipo a cargo",Este modelo de 4 categorías se ajusta al esquema de mi compañía,"Nada me detiene, mi perseverancia es la clave de mi éxito",Noviembre - Diciembre 2022,315,7,163,46,1646,0,Sí,Actualmente en desarrollo con un plan interno,"Pendiente de realizarlo, aun no llega la fecha","Sí, tengo vacantes próximas a cubrir en este bimestre",Deseo continuar con el resto de la encuesta.
80,COMP080,Guanajuato,"Sí,acepto",Apaseo el Grande,Apaseo el Grande,He Leído y estoy de acuerdo en compartir mi información de acuerdo la lo establecido en el Aviso de Privacidad.,ACTUALIZAR ENCUESTA.,Apaseo el Grande,Apaseo el Grande,PARQUE INDUSTRIAL AMISTAD BAJIO - CELAYA,"Industrial en general(Industria Aeroespacial, automotriz, metalúrgica, petroquímica, agroindustria, textil, etc.)","Inyección de plástico y manufactura de productos platicos para el hogar y uso personal.  Rastrillos, espátulas de cocina, electrodoméstico, entre otras piezas plásticas",Otro (especifique),11 - 15 años,Sí,570,126,85,207,210,236,247,4,Este modelo de 4 categorías se ajusta al esquema de mi compañía,"Nada me detiene, mi perseverancia es la clave de mi éxito",Noviembre - Diciembre 2022,64,7,84,60,418,0,Sí,Actualmente en desarrollo con un plan interno,"Pendiente de realizarlo, aun no llega la fecha","Sí, tengo vacantes próximas a cubrir en este bimestre",Deseo continuar con el resto de la encuesta.
81,COMP081,Guanajuato,"Sí,acepto",Apaseo el Grande,Apaseo el Grande,He leído y estoy de acuerdo en compartir mi información de acuerdo la lo establecido en el Aviso de Privacidad y Confidencialidad.,ACTUALIZAR ENCUESTA.,Apaseo el Grande,Apaseo el Grande,PARQUE INDUSTRIAL AMISTAD BAJIO - CELAYA,"Industrial en general(Industria Aeroespacial, automotriz, metalúrgica, petroquímica, agroindustria, textil, etc.)",tanque de gasolina & quemacocos,Japón,4 - 6 años,Sí,67,77,45,230,315,480,802,3,Tenemos más categorías y rangos. Por favor especifique:,"Nada me detiene, mi perseverancia es la clave de mi éxito",Noviembre - Diciembre 2022,9,1,6,5,11,0,Sí,Actualmente en desarrollo con un plan interno,"Pendiente de realizarlo, aun no llega la fecha","Sí, tengo vacantes próximas a cubrir en este bimestre",Deseo continuar con el resto de la encuesta.
